team,pitcher_name,source_tag,note
TOR,Kevin Gausman,mlb_opening_day_rotation,
TOR,Dylan Cease,mlb_opening_day_rotation,
TOR,Eric Lauer,mlb_opening_day_rotation,
TOR,Cody Ponce,mlb_opening_day_rotation,
TOR,Max Scherzer,mlb_opening_day_rotation,
BAL,Trevor Rogers,mlb_opening_day_rotation,
BAL,Kyle Bradish,mlb_opening_day_rotation,
BAL,Shane Baz,mlb_opening_day_rotation,
BAL,Chris Bassitt,mlb_opening_day_rotation,
BAL,Zach Eflin,mlb_opening_day_rotation,
TBR,Drew Rasmussen,mlb_opening_day_rotation,
TBR,Joe Boyle,mlb_opening_day_rotation,
TBR,Steven Matz,mlb_opening_day_rotation,
TBR,Nick Martinez,mlb_opening_day_rotation,
TBR,Shane McClanahan,mlb_opening_day_rotation,
BOS,Garrett Crochet,mlb_opening_day_rotation,
BOS,Ranger Suarez,mlb_opening_day_rotation,
BOS,Sonny Gray,mlb_opening_day_rotation,
BOS,Brayan Bello,mlb_opening_day_rotation,
BOS,Connelly Early,mlb_opening_day_rotation,
NYY,Max Fried,mlb_opening_day_rotation,
NYY,Cam Schlittler,mlb_opening_day_rotation,
NYY,Will Warren,mlb_opening_day_rotation,
NYY,Ryan Weathers,mlb_opening_day_rotation,
NYY,Luis Gil,mlb_opening_day_rotation,
CLE,Tanner Bibee,mlb_opening_day_rotation,
CLE,Gavin Williams,mlb_opening_day_rotation,
CLE,Slade Cecconi,mlb_opening_day_rotation,
CLE,Joey Cantillo,mlb_opening_day_rotation,
CLE,Parker Messick,mlb_opening_day_rotation,
KCR,Cole Ragans,mlb_opening_day_rotation,
KCR,Michael Wacha,mlb_opening_day_rotation,
KCR,Seth Lugo,mlb_opening_day_rotation,
KCR,Kris Bubic,mlb_opening_day_rotation,
KCR,Noah Cameron,mlb_opening_day_rotation,
DET,Tarik Skubal,mlb_opening_day_rotation,
DET,Framber Valdez,mlb_opening_day_rotation,
DET,Jack Flaherty,mlb_opening_day_rotation,
DET,Justin Verlander,mlb_opening_day_rotation,
DET,Casey Mize,mlb_opening_day_rotation,
MIN,Joe Ryan,mlb_opening_day_rotation,
MIN,Bailey Ober,mlb_opening_day_rotation,
MIN,Taj Bradley,mlb_opening_day_rotation,
MIN,Simeon Woods Richardson,mlb_opening_day_rotation,
MIN,Mick Abel,mlb_opening_day_rotation,
CHW,Shane Smith,mlb_opening_day_rotation,
CHW,Sean Burke,mlb_opening_day_rotation,
CHW,Anthony Kay,mlb_opening_day_rotation,
CHW,Davis Martin,mlb_opening_day_rotation,
CHW,Erick Fedde,mlb_opening_day_rotation,
LAA,Jose Soriano,mlb_opening_day_rotation,
LAA,Yusei Kikuchi,mlb_opening_day_rotation,
LAA,Reid Detmers,mlb_opening_day_rotation,
LAA,Ryan Johnson,mlb_opening_day_rotation,
LAA,Jack Kochanowicz,mlb_opening_day_rotation,
HOU,Hunter Brown,mlb_opening_day_rotation,
HOU,Mike Burrows,mlb_opening_day_rotation,
HOU,Cristian Javier,mlb_opening_day_rotation,
HOU,Tatsuya Imai,mlb_opening_day_rotation,
HOU,Lance McCullers Jr.,mlb_opening_day_rotation,
OAK,Luis Severino,mlb_opening_day_rotation,
OAK,Jeffrey Springs,mlb_opening_day_rotation,
OAK,Luis Morales,mlb_opening_day_rotation,
OAK,Jacob Lopez,mlb_opening_day_rotation,
OAK,Aaron Civale,mlb_opening_day_rotation,
SEA,Logan Gilbert,mlb_opening_day_rotation,
SEA,George Kirby,mlb_opening_day_rotation,
SEA,Bryan Woo,mlb_opening_day_rotation,
SEA,Luis Castillo,mlb_opening_day_rotation,
SEA,Bryce Miller,mlb_opening_day_rotation,
TEX,Jacob deGrom,mlb_opening_day_rotation,
TEX,Nathan Eovaldi,mlb_opening_day_rotation,
TEX,MacKenzie Gore,mlb_opening_day_rotation,
TEX,Jack Leiter,mlb_opening_day_rotation,
TEX,Kumar Rocker,mlb_opening_day_rotation,
ATL,Chris Sale,mlb_opening_day_rotation,
ATL,Reynaldo Lopez,mlb_opening_day_rotation,
ATL,Grant Holmes,mlb_opening_day_rotation,
ATL,Bryce Elder,mlb_opening_day_rotation,
ATL,Jose Suarez,mlb_opening_day_rotation,
MIA,Sandy Alcantara,mlb_opening_day_rotation,
MIA,Eury Perez,mlb_opening_day_rotation,
MIA,Max Meyer,mlb_opening_day_rotation,
MIA,Chris Paddack,mlb_opening_day_rotation,
MIA,Janson Junk,mlb_opening_day_rotation,
NYM,Freddy Peralta,mlb_opening_day_rotation,
NYM,David Peterson,mlb_opening_day_rotation,
NYM,Nolan McLean,mlb_opening_day_rotation,
NYM,Clay Holmes,mlb_opening_day_rotation,
NYM,Kodai Senga,mlb_opening_day_rotation,
WSN,Cade Cavalli,mlb_opening_day_rotation,
WSN,Foster Griffin,mlb_opening_day_rotation,
WSN,Zack Littell,mlb_opening_day_rotation,
WSN,Miles Mikolas,mlb_opening_day_rotation,
WSN,Jake Irvin,mlb_opening_day_rotation,
PHI,Cristopher Sanchez,mlb_opening_day_rotation,
PHI,Jesus Luzardo,mlb_opening_day_rotation,
PHI,Aaron Nola,mlb_opening_day_rotation,
PHI,Taijuan Walker,mlb_opening_day_rotation,
PHI,Andrew Painter,mlb_opening_day_rotation,
MIL,Jacob Misiorowski,mlb_opening_day_rotation,
MIL,Chad Patrick,mlb_opening_day_rotation,
MIL,Brandon Sproat,mlb_opening_day_rotation,
MIL,Kyle Harrison,mlb_opening_day_rotation,
MIL,Brandon Woodruff,mlb_opening_day_rotation,
STL,Matthew Liberatore,mlb_opening_day_rotation,
STL,Michael McGreevy,mlb_opening_day_rotation,
STL,Dustin May,mlb_opening_day_rotation,
STL,Kyle Leahy,mlb_opening_day_rotation,
STL,Andre Pallante,mlb_opening_day_rotation,
CHC,Matthew Boyd,mlb_opening_day_rotation,
CHC,Cade Horton,mlb_opening_day_rotation,
CHC,Edward Cabrera,mlb_opening_day_rotation,
CHC,Shota Imanaga,mlb_opening_day_rotation,
CHC,Jameson Taillon,mlb_opening_day_rotation,
PIT,Paul Skenes,mlb_opening_day_rotation,
PIT,Mitch Keller,mlb_opening_day_rotation,
PIT,Bubba Chandler,mlb_opening_day_rotation,
PIT,Braxton Ashcraft,mlb_opening_day_rotation,
PIT,Jose Urquidy,mlb_opening_day_rotation,
CIN,Andrew Abbott,mlb_opening_day_rotation,
CIN,Nick Lodolo,mlb_opening_day_rotation,
CIN,Brady Singer,mlb_opening_day_rotation,
CIN,Rhett Lowder,mlb_opening_day_rotation,
CIN,Chase Burns,mlb_opening_day_rotation,
CIN,Brandon Williamson,mlb_opening_day_rotation,
ARI,Zac Gallen,mlb_opening_day_rotation,
ARI,Ryne Nelson,mlb_opening_day_rotation,
ARI,Eduardo Rodriguez,mlb_opening_day_rotation,
ARI,Michael Soroka,mlb_opening_day_rotation,
ARI,Brandon Pfaadt,mlb_opening_day_rotation,
LAD,Yoshinobu Yamamoto,mlb_opening_day_rotation,
LAD,Emmet Sheehan,mlb_opening_day_rotation,
LAD,Tyler Glasnow,mlb_opening_day_rotation,
LAD,Roki Sasaki,mlb_opening_day_rotation,
LAD,Shohei Ohtani,mlb_opening_day_rotation,
SFG,Logan Webb,mlb_opening_day_rotation,
SFG,Robbie Ray,mlb_opening_day_rotation,
SFG,Tyler Mahle,mlb_opening_day_rotation,
SFG,Adrian Houser,mlb_opening_day_rotation,
SFG,Landen Roupp,mlb_opening_day_rotation,
SDP,Nick Pivetta,mlb_opening_day_rotation,
SDP,Michael King,mlb_opening_day_rotation,
SDP,Randy Vasquez,mlb_opening_day_rotation,
SDP,German Marquez,mlb_opening_day_rotation,
SDP,Walker Buehler,mlb_opening_day_rotation,
COL,Kyle Freeland,mlb_opening_day_rotation,
COL,Michael Lorenzen,mlb_opening_day_rotation,
COL,Jose Quintana,mlb_opening_day_rotation,
COL,Tomoyuki Sugano,mlb_opening_day_rotation,
COL,Ryan Feltner,mlb_opening_day_rotation,
BAL,Dean Kremer,mlb_probable_pitchers_2026_04_18,Current official probable pitcher on 2026-04-18
CHC,Javier Assad,mlb_probable_pitchers_2026_04_19,Current official probable pitcher on 2026-04-19
CHW,Noah Schultz,mlb_probable_pitchers_2026_04_19,Current official probable pitcher on 2026-04-19
